gene,delta_logodds_narrow,delta_logodds
FIP1L1,-0.58697027,-0.23702791
CSTF2,-0.7217979,-0.25662273
RRAS2,1.4262818,1.3225595
NUDT21,2.3595505,2.2266026
